<?xml version="1.0" encoding="UTF-8"?>
<metadata xml:lang="en"><spdoinfo><ptvctinf/></spdoinfo><eainfo><detailed><enttyp><enttypl>SPSCIF.GIS_DATA.ChannelReach</enttypl></enttyp><attr><attrlabl>OBJECTID</attrlabl><attrdef>Internal feature number.</attrdef><attrdefs>ESRI</attrdefs><attrdomv><udom>Sequential unique whole numbers that are automatically generated.</udom></attrdomv></attr><attr><attrlabl>channelReachIDPK</attrlabl></attr><attr><attrlabl>sdsID</attrlabl></attr><attr><attrlabl>sdsFeatureName</attrlabl></attr><attr><attrlabl>sdsFeatureDescription</attrlabl></attr><attr><attrlabl>sdsMetadataID</attrlabl></attr><attr><attrlabl>dredgingStatus</attrlabl></attr><attr><attrlabl>mediaIDFK</attrlabl></attr><attr><attrlabl>statusDate</attrlabl></attr><attr><attrlabl>reachCode</attrlabl></attr><attr><attrlabl>Shape</attrlabl><attrdef>Feature geometry.</attrdef><attrdefs>ESRI</attrdefs><attrdomv><udom>Coordinates defining the features.</udom></attrdomv></attr><attr><attrlabl>created_user</attrlabl></attr><attr><attrlabl>created_date</attrlabl></attr><attr><attrlabl>last_edited_user</attrlabl></attr><attr><attrlabl>last_edited_date</attrlabl></attr><attr><attrlabl>projectReferenceIDFK</attrlabl></attr><attr><attrlabl>GlobalID</attrlabl></attr><attr><attrlabl>Shape.STArea()</attrlabl></attr><attr><attrlabl>Shape.STLength()</attrlabl></attr></detailed></eainfo><idinfo><keywords/><citation><citeinfo><origin>USACE-CESAC</origin><pubinfo><publish>USACE-CESAC</publish><pubplace>Charleston, SC</pubplace></pubinfo><pubdate>Unpublished Data</pubdate></citeinfo></citation><timeperd><current>Publication date</current><timeinfo><sngdate><caldate>Unknown</caldate></sngdate></timeinfo></timeperd><status><progress>In work</progress><update>As needed</update></status><accconst>None.</accconst><useconst>These data should not be distributed to users unless distribution is explicitly granted.  Please check sources, scale, accuracy, currentness and other available information. Please confirm that you are using the most recent copy of both data and metadata.</useconst><secinfo><secsys>FIPS Pub 199</secsys><secclass>No Confidentiality</secclass><sechandl>Standard Technical Controls</sechandl></secinfo></idinfo><dataqual><logic>Tests for integrity have not been performed.</logic><complete>Features represented have not been tested for completeness</complete><posacc><horizpa><horizpar>Data were collected using methods that have unknown accuracy.</horizpar></horizpa></posacc><lineage><procstep><procdate>20131209</procdate><procdesc>K2TSOJLW - Metadata upgrade and baseline revision</procdesc></procstep></lineage></dataqual><distinfo><resdesc>Downloadable Data</resdesc><distliab>Although these data have been processed successfully on a computer system at the U.S. Army Corps of Engineers, no warranty expressed or implied is made regarding the accuracy or utility of the data on any other system or for general or scientific purposes, nor shall the act of distribution constitute any such warranty. It is also strongly recommended that careful attention be paid to the contents of the metadata file associated with these data to evaluate data set limitations, restrictions or intended use. The U.S. Army Corps of Engineers shall not be held liable for improper or incorrect use of the data described and/or contained herein.</distliab><distrib><cntinfo><cntorgp><cntorg>U.S. Army Corps of Engineers, Charleston District</cntorg><cntper>Caleb Brewer</cntper></cntorgp><cntpos>GIS Analyst</cntpos><cntaddr><addrtype>mailing and physical address</addrtype><address>69A Hagood Ave</address><city>Charleston</city><state>SC</state><postal>29403</postal></cntaddr><cntvoice>843-329-8192</cntvoice><cntemail>cesac-gis@usace.army.mil</cntemail><cntinst>Email is preferred</cntinst></cntinfo></distrib></distinfo><metainfo><metd>20131209</metd><metstdn>FGDC Content Standard for Digital Geospatial Metadata</metstdn><metstdv>FGDC-STD-001-1998</metstdv><metc><cntinfo><cntorgp><cntorg>U.S. Army Corps of Engineers, Charleston District</cntorg><cntper>Caleb Brewer</cntper></cntorgp><cntpos>GIS Analyst</cntpos><cntaddr><addrtype>mailing and physical address</addrtype><address>69A Hagood Ave</address><city>Charleston</city><state>SC</state><postal>29403</postal></cntaddr><cntvoice>843-329-8192</cntvoice><cntemail>cesac-gis@usace.army.mil</cntemail><cntinst>Email is preferred</cntinst></cntinfo></metc></metainfo><mdLang><languageCode value="eng"/><countryCode value="USA"/></mdLang><mdChar><CharSetCd value="004"/></mdChar><mdHrLv><ScopeCd value="005"/></mdHrLv><mdContact><rpIndName>Caleb Brewer</rpIndName><rpOrgName>U.S. Army Corps of Engineers, Charleston District</rpOrgName><rpPosName>GIS Analyst</rpPosName><rpCntInfo><cntPhone><voiceNum>843-329-8192</voiceNum></cntPhone><cntAddress addressType="both"><delPoint>69A Hagood Ave</delPoint><city>Charleston</city><adminArea>SC</adminArea><postCode>29403</postCode><eMailAdd>cesac-gis@usace.army.mil</eMailAdd></cntAddress><cntInstr>Email is preferred</cntInstr></rpCntInfo><role><RoleCd value="007"/></role></mdContact><mdDateSt>20131209</mdDateSt><mdStanName>ArcGIS Metadata</mdStanName><mdStanVer>1.0</mdStanVer><distInfo><distributor><distorCont><rpIndName>Caleb Brewer</rpIndName><rpOrgName>U.S. Army Corps of Engineers, Charleston District</rpOrgName><rpPosName>GIS Analyst</rpPosName><rpCntInfo><cntPhone><voiceNum>843-329-8192</voiceNum></cntPhone><cntAddress addressType="both"><delPoint>69A Hagood Ave</delPoint><city>Charleston</city><adminArea>SC</adminArea><postCode>29403</postCode><eMailAdd>cesac-gis@usace.army.mil</eMailAdd></cntAddress><cntInstr>Email is preferred</cntInstr></rpCntInfo><role><RoleCd value="005"/></role></distorCont></distributor><distFormat><formatName>SDE Feature Class</formatName></distFormat></distInfo><dataIdInfo><idCitation><citRespParty><rpOrgName>USACE-CESAC</rpOrgName><rpCntInfo><cntAddress><delPoint>Charleston, SC</delPoint></cntAddress></rpCntInfo><role><RoleCd value="010"/></role></citRespParty><citRespParty><rpOrgName>USACE-CESAC</rpOrgName><role><RoleCd value="006"/></role></citRespParty><resTitle>SPSCIF.GIS_DATA.ChannelReach</resTitle><presForm><PresFormCd value="005"/></presForm></idCitation><idStatus><ProgCd value="007"/></idStatus><resMaint><maintFreq><MaintFreqCd value="009"/></maintFreq></resMaint><resConst><LegConsts><useLimit>Although these data have been processed successfully on a computer system at the U.S. Army Corps of Engineers, no warranty expressed or implied is made regarding the accuracy or utility of the data on any other system or for general or scientific purposes, nor shall the act of distribution constitute any such warranty. It is also strongly recommended that careful attention be paid to the contents of the metadata file associated with these data to evaluate data set limitations, restrictions or intended use. The U.S. Army Corps of Engineers shall not be held liable for improper or incorrect use of the data described and/or contained herein.</useLimit></LegConsts></resConst><resConst><Consts><useLimit>None. Please check sources, scale, accuracy, currentness and other available information. Please confirm that you are using the most recent copy of both data and metadata. Acknowledgement of the USACE would be appreciated.</useLimit></Consts></resConst><dataLang><languageCode value="eng"/><countryCode value="USA"/></dataLang><dataExt><exDesc>Publication date</exDesc><tempEle><TempExtent><exTemp><TM_Instant><tmPosition date="unknown"/></TM_Instant></exTemp></TempExtent></tempEle><geoEle/></dataExt><envirDesc>Microsoft Windows 7 Version 6.1 (Build 7601) Service Pack 1; Esri ArcGIS 10.1.1.3143</envirDesc><spatRpType><SpatRepTypCd value="001"/></spatRpType><dataExt><geoEle><GeoBndBox esriExtentType="search"><exTypeCode>1</exTypeCode><westBL>-80.728313</westBL><eastBL>-78.542850</eastBL><northBL>33.910193</northBL><southBL>32.070888</southBL></GeoBndBox></geoEle></dataExt></dataIdInfo><dqInfo><dqScope><scpLvl><ScopeCd value="005"/></scpLvl></dqScope><report type="DQConcConsis"><measDesc>Tests for integrity have not been performed.</measDesc></report><report type="DQCompOm"><measDesc>Features represented have not been tested for completeness</measDesc></report><report type="DQAbsExtPosAcc" dimension="horizontal"><measDesc>Data were collected using methods that have unknown accuracy.</measDesc></report><dataLineage><prcStep><stepDesc>K2TSOJLW - Metadata upgrade and baseline revision</stepDesc><stepDateTm>2013-12-09</stepDateTm></prcStep></dataLineage></dqInfo><mdHrLvName>dataset</mdHrLvName><refSysInfo><RefSystem><refSysID><identCode code="2273"/><idCodeSpace>EPSG</idCodeSpace><idVersion>7.11.2</idVersion></refSysID></RefSystem></refSysInfo><spatRepInfo><VectSpatRep><geometObjs><geoObjTyp><GeoObjTypCd value="002"/></geoObjTyp><geoObjCnt>149</geoObjCnt></geometObjs><topLvl><TopoLevCd value="004"/></topLvl></VectSpatRep></spatRepInfo></metadata>
