<metadata xml:lang="en"><Esri><CreaDate>20141010</CreaDate><CreaTime>09162300</CreaTime><ArcGISFormat>1.0</ArcGISFormat><ArcGISstyle>FGDC CSDGM Metadata</ArcGISstyle><SyncOnce>FALSE</SyncOnce><DataProperties><itemProps><itemName Sync="TRUE">transits</itemName><imsContentType Sync="TRUE">002</imsContentType><itemLocation><linkage Sync="TRUE">file://\\HQPRLT1544539\C$\Data\AIS\CHS_SAV_Shipping_Lanes\GIS\Data\_shapefiles\transits.shp</linkage><protocol Sync="TRUE">Local Area Network</protocol></itemLocation><itemSize Sync="TRUE">186.886</itemSize><nativeExtBox><westBL Sync="TRUE">-81.184285</westBL><eastBL Sync="TRUE">-78.769710</eastBL><southBL Sync="TRUE">31.108565</southBL><northBL Sync="TRUE">33.118937</northBL><exTypeCode Sync="TRUE">1</exTypeCode></nativeExtBox></itemProps><coordRef><type Sync="TRUE">Geographic</type><geogcsn Sync="TRUE">GCS_WGS_1984</geogcsn><csUnits Sync="TRUE">Angular Unit: degree (0.017453)</csUnits><peXml Sync="TRUE">&lt;GeographicCoordinateSystem xsi:type='typens:GeographicCoordinateSystem' xmlns:xsi='http://www.w3.org/2001/XMLSchema-instance' xmlns:xs='http://www.w3.org/2001/XMLSchema' xmlns:typens='http://www.esri.com/schemas/ArcGIS/10.1'&gt;&lt;WKT&gt;GEOGCS[&amp;quot;GCS_WGS_1984&amp;quot;,DATUM[&amp;quot;D_WGS_1984&amp;quot;,SPHEROID[&amp;quot;WGS_1984&amp;quot;,6378137.0,298.257223563]],PRIMEM[&amp;quot;Greenwich&amp;quot;,0.0],UNIT[&amp;quot;degree&amp;quot;,0.0174532925199433],AUTHORITY[&amp;quot;EPSG&amp;quot;,4326]]&lt;/WKT&gt;&lt;XOrigin&gt;-400&lt;/XOrigin&gt;&lt;YOrigin&gt;-400&lt;/YOrigin&gt;&lt;XYScale&gt;11258999068426.238&lt;/XYScale&gt;&lt;ZOrigin&gt;-100000&lt;/ZOrigin&gt;&lt;ZScale&gt;10000&lt;/ZScale&gt;&lt;MOrigin&gt;-100000&lt;/MOrigin&gt;&lt;MScale&gt;10000&lt;/MScale&gt;&lt;XYTolerance&gt;8.983152841195215e-009&lt;/XYTolerance&gt;&lt;ZTolerance&gt;0.001&lt;/ZTolerance&gt;&lt;MTolerance&gt;0.001&lt;/MTolerance&gt;&lt;HighPrecision&gt;true&lt;/HighPrecision&gt;&lt;LeftLongitude&gt;-180&lt;/LeftLongitude&gt;&lt;WKID&gt;4326&lt;/WKID&gt;&lt;LatestWKID&gt;4326&lt;/LatestWKID&gt;&lt;/GeographicCoordinateSystem&gt;</peXml></coordRef><lineage><Process ToolSource="c:\program files (x86)\arcgis\desktop10.2\ArcToolbox\Toolboxes\Conversion Tools.tbx\FeatureClassToFeatureClass" Date="20141010" Time="091630">FeatureClassToFeatureClass C:\Data\AIS\CHS_SAV_Shipping_Lanes\GIS\Data\_shapefiles\v_chs_sav_aoi_transits_within.shp C:\Data\AIS\CHS_SAV_Shipping_Lanes\GIS\Data\chs_sav_shipping_lanes.gdb\AIS transits # "NAME "NAME" true true false 50 Text 0 0 ,First,#,C:\Data\AIS\CHS_SAV_Shipping_Lanes\GIS\Data\_shapefiles\v_chs_sav_aoi_transits_within.shp,NAME,-1,-1;MMSI "MMSI" true true false 11 Double 0 11 ,First,#,C:\Data\AIS\CHS_SAV_Shipping_Lanes\GIS\Data\_shapefiles\v_chs_sav_aoi_transits_within.shp,MMSI,-1,-1;CALLSIGN "CALLSIGN" true true false 10 Text 0 0 ,First,#,C:\Data\AIS\CHS_SAV_Shipping_Lanes\GIS\Data\_shapefiles\v_chs_sav_aoi_transits_within.shp,CALLSIGN,-1,-1;IMO "IMO" true true false 11 Double 0 11 ,First,#,C:\Data\AIS\CHS_SAV_Shipping_Lanes\GIS\Data\_shapefiles\v_chs_sav_aoi_transits_within.shp,IMO,-1,-1;LOA "LOA" true true false 32 Double 10 31 ,First,#,C:\Data\AIS\CHS_SAV_Shipping_Lanes\GIS\Data\_shapefiles\v_chs_sav_aoi_transits_within.shp,LOA,-1,-1;TYPE "TYPE" true true false 50 Text 0 0 ,First,#,C:\Data\AIS\CHS_SAV_Shipping_Lanes\GIS\Data\_shapefiles\v_chs_sav_aoi_transits_within.shp,TYPE,-1,-1;FLAG "FLAG" true true false 53 Text 0 0 ,First,#,C:\Data\AIS\CHS_SAV_Shipping_Lanes\GIS\Data\_shapefiles\v_chs_sav_aoi_transits_within.shp,FLAG,-1,-1;FLAG_TYPE "FLAG_TYPE" true true false 8 Text 0 0 ,First,#,C:\Data\AIS\CHS_SAV_Shipping_Lanes\GIS\Data\_shapefiles\v_chs_sav_aoi_transits_within.shp,FLAG_TYPE,-1,-1;SOV "SOV" true true false 1 Text 0 0 ,First,#,C:\Data\AIS\CHS_SAV_Shipping_Lanes\GIS\Data\_shapefiles\v_chs_sav_aoi_transits_within.shp,SOV,-1,-1;TR_START_TIME "TR_START_TIME" true true false 38 Text 0 0 ,First,#,C:\Data\AIS\CHS_SAV_Shipping_Lanes\GIS\Data\_shapefiles\v_chs_sav_aoi_transits_within.shp,TR_START_T,-1,-1;TR_END_TIME "TR_END_TIME" true true false 38 Text 0 0 ,First,#,C:\Data\AIS\CHS_SAV_Shipping_Lanes\GIS\Data\_shapefiles\v_chs_sav_aoi_transits_within.shp,TR_END_TIM,-1,-1;TIME_PERIOD "TIME_PERIOD" true true false 9 Text 0 0 ,First,#,C:\Data\AIS\CHS_SAV_Shipping_Lanes\GIS\Data\_shapefiles\v_chs_sav_aoi_transits_within.shp,TIME_PERIO,-1,-1;TR_RECS "TR_RECS" true true false 19 Double 0 19 ,First,#,C:\Data\AIS\CHS_SAV_Shipping_Lanes\GIS\Data\_shapefiles\v_chs_sav_aoi_transits_within.shp,TR_RECS,-1,-1;TR_ELAPSED "TR_ELAPSED" true true false 32 Double 10 31 ,First,#,C:\Data\AIS\CHS_SAV_Shipping_Lanes\GIS\Data\_shapefiles\v_chs_sav_aoi_transits_within.shp,TR_ELAPSED,-1,-1;TR_LENGTH_ "TR_LENGTH_" true true false 32 Double 10 31 ,First,#,C:\Data\AIS\CHS_SAV_Shipping_Lanes\GIS\Data\_shapefiles\v_chs_sav_aoi_transits_within.shp,TR_LENGTH_,-1,-1" #</Process><Process ToolSource="c:\program files (x86)\arcgis\desktop10.2\ArcToolbox\Toolboxes\Conversion Tools.tbx\FeatureClassToFeatureClass" Date="20141010" Time="103954">FeatureClassToFeatureClass C:\Data\AIS\CHS_SAV_Shipping_Lanes\GIS\Data\chs_sav_shipping_lanes.gdb\AIS\transits C:\Data\AIS\CHS_SAV_Shipping_Lanes\GIS\Data\_shapefiles transits.shp # "NAME "NAME" true true false 50 Text 0 0 ,First,#,C:\Data\AIS\CHS_SAV_Shipping_Lanes\GIS\Data\chs_sav_shipping_lanes.gdb\AIS\transits,NAME,-1,-1;MMSI "MMSI" true true false 8 Double 0 0 ,First,#,C:\Data\AIS\CHS_SAV_Shipping_Lanes\GIS\Data\chs_sav_shipping_lanes.gdb\AIS\transits,MMSI,-1,-1;CALLSIGN "CALLSIGN" true true false 10 Text 0 0 ,First,#,C:\Data\AIS\CHS_SAV_Shipping_Lanes\GIS\Data\chs_sav_shipping_lanes.gdb\AIS\transits,CALLSIGN,-1,-1;IMO "IMO" true true false 8 Double 0 0 ,First,#,C:\Data\AIS\CHS_SAV_Shipping_Lanes\GIS\Data\chs_sav_shipping_lanes.gdb\AIS\transits,IMO,-1,-1;LOA "LOA" true true false 8 Double 0 0 ,First,#,C:\Data\AIS\CHS_SAV_Shipping_Lanes\GIS\Data\chs_sav_shipping_lanes.gdb\AIS\transits,LOA,-1,-1;TYPE "TYPE" true true false 50 Text 0 0 ,First,#,C:\Data\AIS\CHS_SAV_Shipping_Lanes\GIS\Data\chs_sav_shipping_lanes.gdb\AIS\transits,TYPE,-1,-1;FLAG "FLAG" true true false 53 Text 0 0 ,First,#,C:\Data\AIS\CHS_SAV_Shipping_Lanes\GIS\Data\chs_sav_shipping_lanes.gdb\AIS\transits,FLAG,-1,-1;FLAG_TYPE "FLAG_TYPE" true true false 8 Text 0 0 ,First,#,C:\Data\AIS\CHS_SAV_Shipping_Lanes\GIS\Data\chs_sav_shipping_lanes.gdb\AIS\transits,FLAG_TYPE,-1,-1;SOV "SOV" true true false 1 Text 0 0 ,First,#,C:\Data\AIS\CHS_SAV_Shipping_Lanes\GIS\Data\chs_sav_shipping_lanes.gdb\AIS\transits,SOV,-1,-1;TR_START "TR_START_TIME" true true false 38 Text 0 0 ,First,#,C:\Data\AIS\CHS_SAV_Shipping_Lanes\GIS\Data\chs_sav_shipping_lanes.gdb\AIS\transits,TR_START_TIME,-1,-1;TR_END "TR_END_TIME" true true false 38 Text 0 0 ,First,#,C:\Data\AIS\CHS_SAV_Shipping_Lanes\GIS\Data\chs_sav_shipping_lanes.gdb\AIS\transits,TR_END_TIME,-1,-1;TR_PERIOD "TIME_PERIOD" true true false 9 Text 0 0 ,First,#,C:\Data\AIS\CHS_SAV_Shipping_Lanes\GIS\Data\chs_sav_shipping_lanes.gdb\AIS\transits,TIME_PERIOD,-1,-1;TR_RECS "TR_RECS" true true false 8 Double 0 0 ,First,#,C:\Data\AIS\CHS_SAV_Shipping_Lanes\GIS\Data\chs_sav_shipping_lanes.gdb\AIS\transits,TR_RECS,-1,-1;TR_HRS "TR_ELAPSED" true true false 8 Double 0 0 ,First,#,C:\Data\AIS\CHS_SAV_Shipping_Lanes\GIS\Data\chs_sav_shipping_lanes.gdb\AIS\transits,TR_ELAPSED,-1,-1;TR_NMS "TR_LENGTH_" true true false 8 Double 0 0 ,First,#,C:\Data\AIS\CHS_SAV_Shipping_Lanes\GIS\Data\chs_sav_shipping_lanes.gdb\AIS\transits,TR_LENGTH_,-1,-1" #</Process></lineage></DataProperties><SyncDate>20141010</SyncDate><SyncTime>10415300</SyncTime><ModDate>20141010</ModDate><ModTime>10415300</ModTime></Esri><dataIdInfo><envirDesc Sync="TRUE">Microsoft Windows 7 Version 6.1 (Build 7601) Service Pack 1; Esri ArcGIS 10.2.0.3348</envirDesc><dataLang><languageCode value="eng" Sync="TRUE"></languageCode><countryCode value="USA" Sync="TRUE"></countryCode></dataLang><idCitation><resTitle Sync="TRUE">transits</resTitle><presForm><PresFormCd value="005" Sync="TRUE"></PresFormCd></presForm></idCitation><spatRpType><SpatRepTypCd value="001" Sync="TRUE"></SpatRepTypCd></spatRpType><dataExt><geoEle><GeoBndBox esriExtentType="search"><exTypeCode Sync="TRUE">1</exTypeCode><westBL Sync="TRUE">-81.184285</westBL><eastBL Sync="TRUE">-78.769710</eastBL><northBL Sync="TRUE">33.118937</northBL><southBL Sync="TRUE">31.108565</southBL></GeoBndBox></geoEle></dataExt></dataIdInfo><mdLang><languageCode value="eng" Sync="TRUE"></languageCode><countryCode value="USA" Sync="TRUE"></countryCode></mdLang><distInfo><distFormat><formatName Sync="TRUE">Shapefile</formatName></distFormat><distTranOps><transSize Sync="TRUE">186.886</transSize></distTranOps></distInfo><mdHrLv><ScopeCd value="005" Sync="TRUE"></ScopeCd></mdHrLv><mdHrLvName Sync="TRUE">dataset</mdHrLvName><refSysInfo><RefSystem><refSysID><identCode code="4326" Sync="TRUE"></identCode><idCodeSpace Sync="TRUE">EPSG</idCodeSpace><idVersion Sync="TRUE">8.1.1</idVersion></refSysID></RefSystem></refSysInfo><spatRepInfo><VectSpatRep><geometObjs Name="transits"><geoObjTyp><GeoObjTypCd value="002" Sync="TRUE"></GeoObjTypCd></geoObjTyp><geoObjCnt Sync="TRUE">22566</geoObjCnt></geometObjs><topLvl><TopoLevCd value="001" Sync="TRUE"></TopoLevCd></topLvl></VectSpatRep></spatRepInfo><spdoinfo><ptvctinf><esriterm Name="transits"><efeatyp Sync="TRUE">Simple</efeatyp><efeageom code="3" Sync="TRUE"></efeageom><esritopo Sync="TRUE">FALSE</esritopo><efeacnt Sync="TRUE">22566</efeacnt><spindex Sync="TRUE">FALSE</spindex><linrefer Sync="TRUE">FALSE</linrefer></esriterm></ptvctinf></spdoinfo><eainfo><detailed Name="transits"><enttyp><enttypl Sync="TRUE">transits</enttypl><enttypt Sync="TRUE">Feature Class</enttypt><enttypc Sync="TRUE">22566</enttypc></enttyp><attr><attrlabl Sync="TRUE">FID</attrlabl><attalias Sync="TRUE">FID</attalias><attrtype Sync="TRUE">OID</attrtype><attwidth Sync="TRUE">4</attwidth><atprecis Sync="TRUE">0</atprecis><attscale Sync="TRUE">0</attscale><attrdef Sync="TRUE">Internal feature number.</attrdef><attrdefs Sync="TRUE">Esri</attrdefs><attrdomv><udom Sync="TRUE">Sequential unique whole numbers that are automatically generated.</udom></attrdomv></attr><attr><attrlabl Sync="TRUE">Shape</attrlabl><attalias Sync="TRUE">Shape</attalias><attrtype Sync="TRUE">Geometry</attrtype><attwidth Sync="TRUE">0</attwidth><atprecis Sync="TRUE">0</atprecis><attscale Sync="TRUE">0</attscale><attrdef Sync="TRUE">Feature geometry.</attrdef><attrdefs Sync="TRUE">Esri</attrdefs><attrdomv><udom Sync="TRUE">Coordinates defining the features.</udom></attrdomv></attr><attr><attrlabl Sync="TRUE">NAME</attrlabl><attalias Sync="TRUE">NAME</attalias><attrtype Sync="TRUE">String</attrtype><attwidth Sync="TRUE">50</attwidth><atprecis Sync="TRUE">0</atprecis><attscale Sync="TRUE">0</attscale></attr><attr><attrlabl Sync="TRUE">MMSI</attrlabl><attalias Sync="TRUE">MMSI</attalias><attrtype Sync="TRUE">Double</attrtype><attwidth Sync="TRUE">19</attwidth><atprecis Sync="TRUE">0</atprecis><attscale Sync="TRUE">0</attscale></attr><attr><attrlabl Sync="TRUE">CALLSIGN</attrlabl><attalias Sync="TRUE">CALLSIGN</attalias><attrtype Sync="TRUE">String</attrtype><attwidth Sync="TRUE">10</attwidth><atprecis Sync="TRUE">0</atprecis><attscale Sync="TRUE">0</attscale></attr><attr><attrlabl Sync="TRUE">IMO</attrlabl><attalias Sync="TRUE">IMO</attalias><attrtype Sync="TRUE">Double</attrtype><attwidth Sync="TRUE">19</attwidth><atprecis Sync="TRUE">0</atprecis><attscale Sync="TRUE">0</attscale></attr><attr><attrlabl Sync="TRUE">LOA</attrlabl><attalias Sync="TRUE">LOA</attalias><attrtype Sync="TRUE">Double</attrtype><attwidth Sync="TRUE">19</attwidth><atprecis Sync="TRUE">0</atprecis><attscale Sync="TRUE">0</attscale></attr><attr><attrlabl Sync="TRUE">TYPE</attrlabl><attalias Sync="TRUE">TYPE</attalias><attrtype Sync="TRUE">String</attrtype><attwidth Sync="TRUE">50</attwidth><atprecis Sync="TRUE">0</atprecis><attscale Sync="TRUE">0</attscale></attr><attr><attrlabl Sync="TRUE">FLAG</attrlabl><attalias Sync="TRUE">FLAG</attalias><attrtype Sync="TRUE">String</attrtype><attwidth Sync="TRUE">53</attwidth><atprecis Sync="TRUE">0</atprecis><attscale Sync="TRUE">0</attscale></attr><attr><attrlabl Sync="TRUE">FLAG_TYPE</attrlabl><attalias Sync="TRUE">FLAG_TYPE</attalias><attrtype Sync="TRUE">String</attrtype><attwidth Sync="TRUE">8</attwidth><atprecis Sync="TRUE">0</atprecis><attscale Sync="TRUE">0</attscale></attr><attr><attrlabl Sync="TRUE">SOV</attrlabl><attalias Sync="TRUE">SOV</attalias><attrtype Sync="TRUE">String</attrtype><attwidth Sync="TRUE">1</attwidth><atprecis Sync="TRUE">0</atprecis><attscale Sync="TRUE">0</attscale></attr><attr><attrlabl Sync="TRUE">TR_START</attrlabl><attalias Sync="TRUE">TR_START</attalias><attrtype Sync="TRUE">String</attrtype><attwidth Sync="TRUE">38</attwidth><atprecis Sync="TRUE">0</atprecis><attscale Sync="TRUE">0</attscale></attr><attr><attrlabl Sync="TRUE">TR_END</attrlabl><attalias Sync="TRUE">TR_END</attalias><attrtype Sync="TRUE">String</attrtype><attwidth Sync="TRUE">38</attwidth><atprecis Sync="TRUE">0</atprecis><attscale Sync="TRUE">0</attscale></attr><attr><attrlabl Sync="TRUE">TR_PERIOD</attrlabl><attalias Sync="TRUE">TR_PERIOD</attalias><attrtype Sync="TRUE">String</attrtype><attwidth Sync="TRUE">9</attwidth><atprecis Sync="TRUE">0</atprecis><attscale Sync="TRUE">0</attscale></attr><attr><attrlabl Sync="TRUE">TR_RECS</attrlabl><attalias Sync="TRUE">TR_RECS</attalias><attrtype Sync="TRUE">Double</attrtype><attwidth Sync="TRUE">19</attwidth><atprecis Sync="TRUE">0</atprecis><attscale Sync="TRUE">0</attscale></attr><attr><attrlabl Sync="TRUE">TR_HRS</attrlabl><attalias Sync="TRUE">TR_HRS</attalias><attrtype Sync="TRUE">Double</attrtype><attwidth Sync="TRUE">19</attwidth><atprecis Sync="TRUE">0</atprecis><attscale Sync="TRUE">0</attscale></attr><attr><attrlabl Sync="TRUE">TR_NMS</attrlabl><attalias Sync="TRUE">TR_NMS</attalias><attrtype Sync="TRUE">Double</attrtype><attwidth Sync="TRUE">19</attwidth><atprecis Sync="TRUE">0</atprecis><attscale Sync="TRUE">0</attscale></attr></detailed></eainfo><mdDateSt Sync="TRUE">20141010</mdDateSt></metadata>
